牢刘锅龋,诀眉疙,牢刘斥档,弥檬牢刘,蜡瓤扁埃(矫累老),蜡瓤扁埃(辆丰老),傈巩季磐,家犁瘤
1,"茄拳俊绢肺胶其捞胶⑦ 措傈荤诀厘(备,⑦茄拳 措傈荤诀厘)",1999斥,1999-06-29,2023-06-29,2027-06-28,蜡档藕距,措傈矫 蜡己备 寇伙肺 8锅辨 99
2,⑦LIG池胶盔,1999斥,1999-07-23,2023-07-23,2027-07-22,瘤戎沥蔓,"版惑合档 备固矫 魂龋措肺 354-25, 版合 辫玫矫 巢搁 林玫肺 1487, 版巢 芒盔矫 柳秦备 面厘肺1 荤辑窃 602-4, 措傈堡开矫 蜡己备 磷悼肺 181"
3,"茄拳矫胶袍⑦ (备,茄拳呕饭胶⑦)",1999斥,1999-08-24,2023-08-24,2027-08-23,瘤戎沥蔓,版惑合档 备固矫 1傍窜肺 244
4,"茄拳俊绢肺胶其捞胶⑦ 芒盔荤诀厘(备, 茄拳俊绢肺胶其捞胶⑦ 亲傍荤诀何/浚柳何前荤诀何(备, 茄拳抛农扩⑦ 亲傍浚柳荤诀夯何))",1999斥,1999-08-30,2023-08-30,2027-08-29,亲傍,版惑巢档 芒盔矫 己魂备 芒盔措肺 1204
5,⑦浅魂 救碍荤诀厘,1999斥,1999-08-31,2024-02-23,2028-02-22,蜡档藕距,版合 版林矫 救碍谰 龋惫肺 2606-10
7,茄拳俊绢肺胶其捞胶⑦ 焊篮荤诀厘,1999斥,1999-11-18,2023-11-18,2027-11-17,蜡档藕距,面合 焊篮焙 郴合搁 雀牢郴合肺 857
8,茄拳俊绢肺胶其捞胶⑦ 咯荐荤诀厘,1999斥,1999-12-13,2023-10-05,2027-10-04,蜡档藕距,傈巢 咯荐矫 脚岿肺 411
9,俊胶矩萍葛萍宏 林侥雀荤,1999斥,1999-12-16,2023-08-16,2027-08-15,扁悼拳仿,何魂矫 扁厘焙 枚付搁 咯遏价沥肺 363
10,⑦浅魂 何魂荤诀厘,1999斥,1999-12-16,2023-12-16,2027-12-15,蜡档藕距, 何魂堡开矫 秦款措备 急荐锰肺 230
12,泅措肺袍⑦叼奇胶贾风记荤诀夯何,1999斥,1999-12-28,2023-12-28,2027-12-27,扁悼拳仿,版惑巢档 芒盔矫 狼芒备 芒盔措肺 488
13,⑦措茄亲傍 亲傍快林荤诀夯何,1999斥,1999-12-28,2023-12-28,2027-12-27,亲傍,何魂堡开矫 碍辑备 抛农季磐肺 55
14,"俊胶矩萍促捞郴雇胶⑦(备, SNT吝傍诀⑦)",2006斥,2000-02-24,2021-07-12,2025-07-11,扁悼拳仿,版巢 芒盔矫 己魂备 寇悼 巢搁肺 599
15,"林侥雀荤 骏矩揪贾风记(备, 林侥雀荤 葛飘费, 滴魂 葛飘费)",2000斥,2000-02-24,2024-02-24,2028-02-23,扁悼拳仿,版巢 芒盔矫 己魂备 肯鞠肺 171
16,滴盔吝傍诀⑦,2000斥,2000-03-30,2024-03-30,2028-03-29,扁悼拳仿,版巢 荤玫矫 绵悼搁 备秦芒辨 20-7
17,乞拳魂诀⑦,2000斥,2000-05-10,2024-05-10,2028-05-09,扁悼拳仿,措备堡开矫 崔己焙 稠傍谰 稠傍肺 597
24,楷钦沥剐⑦,2000斥,2000-06-01,2023-07-08,2027-07-07,瘤戎沥蔓,面巢 玫救矫 悼巢备 格玫谰 切荐家荤辨 219-27
25,绊妨拳傍⑦,2000斥,2000-08-09,2021-12-28,2025-12-27,蜡档藕距, 版巢 绊己焙 付鞠搁 寸亲父肺 138
26,LS骏飘沸⑦ 傈林傍厘,2000斥,2000-08-09,2021-08-09,2025-08-08,扁悼拳仿,傈合 肯林焙 豪悼谰 苞切肺 886锅瘤
27,"俊捞摹叼泅措吝傍诀⑦ 漂荐急荤诀何(备, 泅措吝傍诀⑦ 漂荐急荤诀何, 泅措吝傍诀⑦ 炼急荤诀夯何 漂荐急何巩)",2000斥,2000-10-16,2024-04-29,2028-04-28,窃沥,匡魂堡开矫 悼备 规绢柳鉴券档肺 1000
28,扁酒⑦ 焙荐傍厘,2000斥,2000-10-25,2021-10-25,2025-10-24,扁悼拳仿,堡林堡开矫 窍巢魂窜 8锅肺 33
30,"茄拳坷记⑦ 漂荐急荤诀何(备,措快炼急秦剧⑦ 漂荐急荤诀何)",2000斥,2000-10-25,2021-10-26,2025-10-25,窃沥,版惑巢档 芭力矫 芭力措肺 3370
31,"泅措飘罚矫胶⑦ 辑魂傍厘(备, 泅措促捞葛胶⑦)",2000斥,2000-12-06,2022-07-13,2026-07-12,扁悼拳仿, 面巢 辑魂矫 己楷搁 脚寸1肺 105
32,⑦曼咐,2000斥,2000-12-06,2021-12-06,2025-12-05,傈仿瘤盔眉拌楷备,版扁档 救己矫 傍档谰 巩磐辨 99-27
33,⑦绒聪靛抛农愁矾瘤胶,2001斥,2001-01-10,2022-01-10,2026-01-09,瘤戎沥蔓,牢玫堡开矫 楷荐备 亥贸肺 87(价档悼)
34,伙剧拳切傍诀⑦,2001斥,2001-01-10,2022-01-10,2026-01-09,蜡档藕距,版巢 剧魂矫  雀泅 1辨 125 (背悼)
35,泅措困酒⑦,2001斥,2001-01-10,2022-01-10,2026-01-09,扁悼拳仿,版巢 芒盔矫 己魂备 沥悼肺 153 (啊澜沥悼) 版巢 芒盔矫 己魂备 沥悼肺 154
36,STX浚柳⑦,2001斥,2001-02-19,2022-02-19,2026-02-18,扁悼拳仿,版巢 芒盔矫 己魂备 傍窜肺 474锅辨 36
38,⑦快柳沥剐,2001斥,2001-03-06,2022-03-06,2026-03-05,扁悼拳仿,版巢 辫秦矫 积覆搁 积覆措肺 713锅辨 4
40,⑦措疙,2001斥,2001-04-12,2022-05-13,2026-04-11,傈仿瘤盔眉拌楷备,版惑巢档 芒盔矫 付魂雀盔备 磊蜡公开4辨 6(豪鞠悼)
41,"林侥雀荤 傣牢(备, 傣牢魂诀)",2001斥,2001-04-12,2022-04-12,2026-04-11,扁悼拳仿,版巢 剧魂矫 蜡魂傍窜3辨 33
43,⑦碍巢,2001斥,2001-07-02,2022-07-02,2026-07-01,窃沥,何魂堡开矫 荤窍备 备乞肺 16锅辨 71
44,"滴魂俊呈呼府萍⑦ 规魂荤诀何(备, 滴魂吝傍诀(林) 规魂BU)",2001斥,2001-07-02,2022-07-02,2026-07-01,窃沥,版巢 芒盔矫 己魂备 滴魂杭焊肺 22
46,⑦俊捞摹纳捞揪,2001斥,2001-09-19,2024-03-20,2028-03-19,瘤戎沥蔓,版扁档 捞玫矫 何惯谰 炔公肺 2065锅辨 72-39
49,措茄规流⑦ 措备傍厘,2001斥,2001-11-01,2022-11-01,2026-10-31,傈仿瘤盔眉拌楷备,措备堡开矫 辑备 堪祸傍窜肺 26(厚魂悼)
51,"茄拳俊绢肺胶其捞胶⑦ 酒魂荤诀厘(备, 茄拳俊绢肺胶其捞胶⑦ 亲傍扁拌荤诀何, 茄拳 亲傍荤诀何)",2001斥,2001-12-29,2022-12-29,2026-12-28,亲傍,面巢 酒魂矫 敌器搁 酒魂闺府巢肺 144 
53,茄老窜炼傍诀⑦,2002斥,2002-02-09,2023-02-09,2027-02-08,蜡档藕距,面合 柳玫焙 傣魂搁 嚼瘤辨 87
54,茄惫亲傍快林魂诀⑦,2002斥,2002-02-09,2023-02-09,2027-02-08,亲傍,版惑巢档 荤玫矫 荤巢搁 傍窜1肺 78 版惑巢档 荤玫矫 荤玫谰 亲傍肺 64
59,"(林)俊捞摹力捞吝傍诀(备, ⑦茄柳吝傍诀 规魂何巩)",2002斥,2002-06-26,2023-06-26,2027-06-25,窃沥,何魂堡开矫 康档备 怕辆肺 233
60,⑦堡覆,2002斥,2002-06-26,2023-06-26,2027-06-25,蜡档藕距,面合 没盔焙 泅档搁 没巢肺 484
62,SG积劝救傈⑦,2003斥,2003-01-20,2022-12-21,2026-12-20,傈仿瘤盔眉拌楷备,版扁档 乞琶矫 脚乞肺 28
67,⑦欺胶咆,2003斥,2003-10-29,2021-10-29,2025-10-28,扁悼拳仿,版巢 芒盔矫 己魂备 巢搁肺 485(郴悼)
74,捞拳傈扁傍诀⑦,2005斥,2005-03-29,2023-03-29,2027-03-28,瘤戎沥蔓,版扁档 堡林矫 帮瘤鞠谰 版面措肺 425
76,康浅傈磊⑦,2005斥,2005-07-08,2023-07-08,2027-07-07,扁悼拳仿,版巢 芒盔矫 狼芒备 磷傈肺 82锅辨 31
78,⑦捞坷矫胶袍,2005斥,2005-09-01,2023-09-12,2027-08-31,瘤戎沥蔓,牢玫堡开矫 辑备 啊犁匡肺 38
79,面公沥剐⑦ ,2006斥,2006-01-24,2024-01-24,2028-01-23,瘤戎沥蔓,面巢 酒魂矫 硅规谰 贾摹肺 174
85,⑦茄惫拳捞官 力2傍厘,2006斥,2006-05-22,2024-05-22,2028-05-21,扁悼拳仿,版巢 剐剧矫 惑巢搁 惑巢肺 719-33
86,内坷氛单农哪欺瘤飘⑦,2006斥,2006-06-15,2024-06-15,2028-06-14,扁悼拳仿,版巢 窃救焙 焙合搁 窃救魂窜1辨 26-23
87,⑦版档,2007斥,2007-02-20,2022-02-20,2026-02-19,扁悼拳仿,版巢 剧魂矫 惑合搁 全锋肺 42
88,蜡剧魂傈⑦ ,2007斥,2007-03-12,2022-03-12,2026-03-11,瘤戎沥蔓, 版扁档 救剧矫 悼救备 何覆肺188锅辨 9
89,⑦伙剧哪咆,2007斥,2007-03-30,2022-03-30,2026-03-29,傈仿瘤盔眉拌楷备,版扁档 救己矫 傍窜肺 81
90,康堡魂诀荤,2007斥,2007-06-14,2022-06-14,2026-06-13,扁悼拳仿,何魂堡开矫 碍辑备 苞切魂窜肺305锅辨 57
91,⑦快芒,2007斥,2007-06-14,2022-06-14,2026-06-13,扁悼拳仿,版惑巢档 辫秦矫 柳康谰 辑何肺 179锅辨 76 
92,"(林)抛农敲扼况(备, (林)秦救扁拌魂诀)",2007斥,2007-07-20,2022-07-20,2026-07-19,窃沥,版巢 辫秦矫 柳肥搁 绊葛肺 93-4
93,STX浚柳⑦ 侩牢荤诀厘,2007斥,2007-09-28,2022-09-28,2026-09-27,瘤戎沥蔓,版扁档 侩牢矫 扁蕊备 备己肺 288
94,⑦匙捞胶内,2007斥,2007-09-28,2022-09-28,2026-09-27,瘤戎沥蔓,版扁档 己巢矫 吝盔备 鉴券肺 94
95,⑦措赋,2007斥,2007-09-28,2022-09-28,2026-09-27,扁悼拳仿,何魂堡开矫 碍辑备 苞切魂窜肺 333锅辨 22
100,措龋沥扁⑦ ,2007斥,2007-12-27,2022-12-27,2026-12-26,扁悼拳仿,版巢 辫秦矫 柳康谰 辑何肺 179锅辨 48
101,⑦措己抛农,2008斥,2008-04-11,2023-04-11,2027-04-10,傈仿瘤盔眉拌楷备,何魂矫 碍辑备 踌魂魂窜261肺 74锅辨 33
102,⑦措芒弊罚靛,2008斥,2008-04-30,2023-04-30,2027-04-29,傈仿瘤盔眉拌楷备,版扁档 救剧矫 悼救备 矫刮措肺 109锅辨 24-2(龋拌悼)
105,⑦悼柳傈扁,2008斥,2008-09-04,2023-09-04,2027-09-03,扁悼拳仿,匡魂堡开矫 匡林焙 伙巢搁 傍鞠辨 19
109,⑦悼疙剧青,2008斥,2008-09-18,2023-09-18,2027-09-17,傈仿瘤盔眉拌楷备,辑匡漂喊矫 吝尔备 扳犁肺28辨 48
112,伙傣惑傍⑦ ,2009斥,2009-02-09,2024-02-09,2028-02-08,傈仿瘤盔眉拌楷备,辑匡矫 吝备 硼拌肺 12辨 49 版扁档 颇林矫 炼府谰 货瓷救辨 21
113,⑦悼己傈扁,2009斥,2009-03-05,2024-03-05,2028-03-04,扁悼拳仿,版巢 辫秦矫 柳康谰 辑何肺 123锅辨 18
114,⑦剐咆浚瘤聪绢傅,2009斥,2009-03-09,2024-05-27,2028-03-08,瘤戎沥蔓,"版扁 己巢矫 盒寸备 具啪巢肺 233, 盒寸抛农畴颇农 A悼 301龋"
118,己柳揪矩萍⑦ ,2009斥,2009-11-03,2021-11-03,2025-11-02,瘤戎沥蔓,版扁档 矫蕊矫 篮拌吝居肺 306锅辨 58-1
121,碍辑角诀,2009斥,2009-11-09,2021-11-09,2025-11-08,傈仿瘤盔眉拌楷备,版巢 辫秦矫 辫秦措肺 2644(救悼) 版巢 辫秦矫 辫秦措肺 2567锅辨 67-1(绢规悼) 版巢 辫秦矫 辫秦措肺 2646(救悼)
122,扒旷抛农⑦ ,2009斥,2009-11-10,2021-11-10,2025-11-09,扁悼拳仿,  何魂矫 碍辑备 啊府货2肺 58(裹规悼)
123,茄惫揪矩坷抛农⑦ ,2009斥,2009-12-17,2021-12-17,2025-12-16,蜡档藕距,版惑合档 巩版矫 康鉴搁 货矮辨 20 版惑合档 巩版矫 康鉴搁 公覆辨 108-5
126,⑦其府父&萍哩,2010斥,2010-03-31,2022-03-31,2026-03-30,扁悼拳仿, 版巢 芒盔矫 付魂雀盔备 豪鞠傍窜13辨 23-14
133,⑦规覆,2010斥,2010-12-21,2022-12-21,2026-12-20,傈仿瘤盔眉拌楷备,版扁档 救魂矫 窜盔备 喊噶肺 657 (檬瘤悼)
135,"⑦伙沥磐后 (备, ⑦酒捞舅叼)",2010斥,2010-12-21,2022-12-21,2026-12-20,扁悼拳仿,版巢 辫秦矫 柳肥搁 绊葛肺 180锅辨 116
136,"⑦茄哪扼捞橇纳绢(备, ⑦茄哪魂没)",2011斥,2011-01-25,2023-01-25,2027-01-24,傈仿瘤盔眉拌楷备,版扁档 侩牢矫 贸牢备 剧瘤搁 吝何措肺 1960锅辨 53
137,⑦悼剧沥傍,2011斥,2011-03-03,2023-03-03,2027-03-02,蜡档藕距,傈合 肯林焙 豪悼谰 肯林魂窜8肺 66
141,伙何魂诀⑦ ,2011斥,2011-04-13,2023-04-13,2027-04-12,傈仿瘤盔眉拌楷备,版扁档 堡林矫 苛配榜辨 33-44(怕傈悼 330) 版扁档 堡林矫 檬岿谰 侩荐辨 101(侩荐府 62-3)
146,"⑦陛酒窍捞靛颇况 (备,绒骏纳捞⑦)",2011斥,2011-12-22,2023-12-22,2027-12-21,扁悼拳仿,版巢 芒盔矫 己魂备 傍窜肺 116
147,力老乔汗傍诀⑦,2011斥,2011-12-26,2023-12-26,2027-12-25,傈仿瘤盔眉拌楷备,版扁档 颇林矫 过盔谰 何蕊肺 21锅辨 1020 版扁档 窍巢矫 窍巢措肺 861锅救辨 30-4
150,⑦候咆,2012斥,2012-02-28,2024-02-28,2028-02-27,瘤戎沥蔓,版扁档 捞玫矫 付厘搁 傣捞肺 180-31
151,⑦乔敲亏胶,2012斥,2012-04-02,2024-04-02,2028-04-01,瘤戎沥蔓,版合 备固矫 1傍窜肺 228
158,窜鞠矫胶袍令⑦,2013斥,2013-05-21,2022-05-21,2026-05-20,瘤戎沥蔓,版扁档 救剧矫 悼救备 悼祈肺 79-26 (包剧悼)
159,急版魂诀,2013斥,2013-06-10,2022-06-10,2026-06-09,傈仿瘤盔眉拌楷备,牢玫堡开矫 拌剧备 辑款魂窜肺 3辨1
161,"茄拳俊绢肺胶其捞胶⑦ LS 荤诀何(备, 茄拳叼奇胶⑦ 芒盔1荤诀厘, 茄拳瘤惑规魂⑦)",2013斥,2013-08-16,2022-08-16,2026-08-15,扁悼拳仿,版惑巢档 芒盔矫 己魂备 傍窜肺 799 版惑巢档 芒盔矫 己魂备 傍窜肺 69
162,⑦蜡炮,2013斥,2013-08-26,2022-08-26,2026-08-25,瘤戎沥蔓,版扁档 焙器矫 焙器梅窜魂诀2肺 82 
163,捞骏内府酒⑦ 芒盔瘤痢,2013斥,2013-09-16,2022-09-16,2026-09-15,亲傍,版巢 芒盔矫 己魂备 旷巢肺 767
164,⑦老柳傈磊魂诀,2013斥,2013-09-26,2022-09-26,2026-09-25,瘤戎沥蔓,版合 备固矫 荐免措肺 223
165,郡揪咆⑦,2013斥,2013-10-21,2022-10-21,2026-10-20,瘤戎沥蔓,版合 备固矫 1傍窜肺7辨 36-17 (傍窜悼)
166,措剧傈扁傍诀⑦,2013斥,2013-11-28,2022-11-28,2026-11-27,扁悼拳仿,何魂 碍辑备 价沥悼 1600~1699 1612-2锅瘤 何魂堡开矫 碍辑备 踌魂魂窜261肺 14锅辨 45-16
169,"⑦矩厚矩内欺饭捞记(备, 唱厚葛靛)",2014斥,2014-03-05,2023-04-10,2027-04-09,傈仿瘤盔眉拌楷备,辑匡漂喊矫 陛玫备 孩采肺 244(1401龋)
175,技酒傈磊⑦,2014斥,2014-10-08,2023-10-18,2027-10-07,瘤戎沥蔓, 版扁档 己巢矫 吝盔备 敌锰措肺 474(惑措盔悼)
176,⑦悼牢魂诀,2014斥,2014-10-21,2023-10-21,2027-10-20,傈仿瘤盔眉拌楷备,何魂堡开矫 楷力备 苞沥肺 344锅辨 53
180,"⑦钮聪柯(备, ⑦沥快捞浚瘤)",2015斥,2015-03-27,2024-03-27,2028-03-26,蜡档藕距,措傈堡开矫 蜡己备 磷悼肺 165(磷悼)
182,⑦绊妨萍萍舅,2015斥,2015-03-27,2021-03-27,2025-03-26,傈仿瘤盔眉拌楷备,何魂堡开矫 碍辑备 倡悼巢肺 533锅辨 15
183,⑦脚堡抛农愁矾瘤,2015斥,2015-04-29,2024-04-29,2028-04-28,瘤戎沥蔓,"版扁档 救魂矫 窜盔备 秦豪肺 247 (脚辨悼,馆岿傍窜 601B-27L)"
184,锐覆惑荤,2015斥,2015-05-20,2024-05-20,2028-05-19,傈仿瘤盔眉拌楷备,牢玫堡开矫 何乞备 货国肺 56(没玫悼)
185,⑦伙券萍俊橇,2015斥,2015-06-05,2024-06-05,2028-06-04,傈仿瘤盔眉拌楷备,版扁档 器玫矫 奴富辨 34
187,"萍舅骇飘发⑦ 陛魂 2傍厘 (备, 茄惫寞家⑦ 陛魂2傍厘)",2015斥,2015-08-24,2021-08-26,2025-08-23,蜡档藕距, 面没巢档 陛魂焙 汗荐搁 汗荐傍窜辨 62
188,"⑦快府俊捞摹钮(备, ⑦纳捞俊胶揪)",2015斥,2015-09-11,2021-09-11,2025-09-10,扁悼拳仿,版惑巢档 芒盔矫 己魂备 馆岿肺 16
190,⑦俊捞胶救抛唱,2015斥,2015-10-26,2021-10-26,2025-10-25,瘤戎沥蔓,牢玫堡开矫 巢悼备 巢悼辑肺 237
191,"⑦叼矩厚(备, 蜡牢抛农)",2015斥,2015-11-10,2021-11-10,2025-11-09,扁悼拳仿,何魂堡开矫 碍辑备 裹规2肺 24
192,促魂扁傍⑦,2015斥,2015-12-07,2021-12-07,2025-12-06,扁悼拳仿,傈合 肯林焙 豪悼谰 抛农畴闺府 2肺 17
193,⑦版牢抛农,2015斥,2015-12-07,2021-12-07,2025-12-06,蜡档藕距,版惑巢档 芒盔矫 狼芒备 迫侩肺 371锅辨 6
195,陛堡抛农⑦,2015斥,2015-12-30,2021-12-30,2025-12-29,扁悼拳仿,版巢 辫秦矫 林锰搁 榜电风飘肺 130锅辨 12-1
197,⑦柳康沥扁,2016斥,2016-01-05,2022-01-05,2026-01-04,扁悼拳仿,版扁档 拳己矫 厘救搁 厘救肺 566-21
199,⑦单农墨夯,2016斥,2016-01-12,2022-01-12,2026-01-11,扁悼拳仿,傈扼合档 傈林矫 傣柳备 迫汗悼 款鞠肺 30
200,⑦快版堡切,2016斥,2016-02-16,2022-02-16,2026-02-15,瘤戎沥蔓,版扁档 救魂矫 窜盔备 秦豪肺 330锅辨 8
201,⑦纳捞俊胶矫胶袍 拳己傍厘,2016斥,2016-03-22,2022-03-22,2026-03-21,瘤戎沥蔓,版扁档 拳己矫 沥巢搁 辑豪肺 817-37
204,伙堡扁拌 力2傍厘,2016斥,2016-04-01,2022-04-01,2026-03-31,扁悼拳仿,版巢 芒盔矫 狼芒备 芒盔措肺 204锅辨 20
207,⑦辑茄魂诀,2016斥,2016-04-25,2022-04-25,2026-04-24,扁悼拳仿,何魂堡开矫 荤窍备 促魂肺 176锅辨 35
208,伙龋沥剐,2016斥,2016-05-10,2022-05-10,2026-05-09,扁悼拳仿,何魂堡开矫 碍辑备 乞碍肺 217-1(措历1悼)
209,措盔扁傈,2016斥,2016-06-01,2022-06-01,2026-05-31,扁悼拳仿,版巢 芒盔矫 己魂备 岿覆肺 65锅辨 20
210,俊胶瘤辑焊⑦,2016斥,2016-07-29,2022-07-29,2026-07-28,扁悼拳仿,版巢 芒盔矫 狼芒备 瞒锋窜瘤肺 135
211,⑦公泵拳侩荤锰俊橇矩揪(F&C),2016斥,2016-07-29,2022-07-29,2026-07-28,傈仿瘤盔眉拌楷备,"措傈堡开矫 辑备 哎付开肺 155(岿乞悼, 敌魂抛农畴)"
212,⑦俊胶厚皋呕,2016斥,2016-08-12,2022-08-12,2026-08-11,瘤戎沥蔓,面合 没林矫 蕊傣备 荤款肺 396锅辨 23
215,"舅俊橇矫胶袍令 林侥雀荤(备, ⑦厚矩揪抛农)",2016斥,2016-10-12,2022-10-12,2026-10-11,瘤戎沥蔓,版扁档 坷魂矫 啊厘魂诀辑合肺 40-48 (啊厘悼)
216,措茄矫胶咆,2016斥,2016-12-14,2023-04-17,2027-02-23,扁悼拳仿,版巢 芒盔矫 己魂备 傍窜肺 308-38 
217,芒盔扁贱沥傍,2017斥,2017-02-20,2023-02-20,2027-02-19,扁悼拳仿,版惑巢档 芒盔矫 己魂备 磅例辨 9锅辨 19 (己林悼)
218,⑦内咆,2017斥,2017-02-23,2023-02-23,2027-02-22,扁悼拳仿,版巢 芒盔矫 己魂备 旷巢肺 826 版巢 芒盔矫 己魂备 芒盔措肺 1144锅辨 48
219,抛农畴客捞矫胶袍⑦,2017斥,2017-04-03,2023-04-03,2027-04-02,傈仿瘤盔眉拌楷备,面没合档 澜己焙 措家搁 措陛肺 165-8
220,"⑦酒魂俊胶矩抛农(备, 酒魂沥剐)",2017斥,2017-04-25,2023-04-25,2027-04-24,扁悼拳仿,何魂矫 碍辑备 拳傈魂窜2肺 134辨 41
221,⑦茄炼,2017斥,2017-05-18,2023-08-31,2027-05-17,扁悼拳仿,何魂堡开矫 康档备 巢亲辑肺 20(巢亲悼3啊) 141-127锅瘤
222,⑦捞骏矫胶,2017斥,2017-07-07,2023-07-07,2027-07-06,蜡档藕距,版扁档 救剧矫 父救备 傣玫肺 77 捞骏矫胶呼爹
223,⑦津府靛扩咆,2017斥,2017-07-07,2023-07-07,2027-07-06,瘤戎沥蔓,"版扁档 侩牢矫 扁蕊备 扁蕊肺 58-1 SK V1, A悼 25摸 版惑合档 备固矫 1傍窜肺6辨 53-11 1悼(傍窜悼)"
224,措芒付赴抛农⑦ 拳傈傍厘,2017斥,2017-07-14,2023-07-14,2027-07-13,扁悼拳仿,何魂堡开矫 碍辑备 拳傈魂窜 5肺 106
227,⑦俊橇俊胶,2017斥,2017-09-19,2023-09-19,2027-09-18,瘤戎沥蔓,版扁档 辫器矫 剧锰谰 炔陛肺 109锅辨 79
228,⑦傀捞宏老泛飘肺葱胶,2017斥,2017-11-29,2023-11-29,2027-11-28,蜡档藕距,版扁档 焙器矫 寸沥肺 40-6
230,俊胶瘤贾风记⑦,2017斥,2017-11-29,2023-12-07,2027-11-28,扁悼拳仿,版巢 芒盔矫 己魂备 磅例辨 10锅辨 7何魂堡开矫 碍辑备 固澜魂窜5肺 41锅辨 25
231,⑦搁荤尔,2018斥,2018-02-27,2024-02-27,2028-02-26,傈仿瘤盔眉拌楷备,面合 柳玫焙 捞岿搁 泵悼辨 51-24
232,林侥雀荤 力畴内,2018斥,2018-03-29,2024-03-29,2028-03-28,瘤戎沥蔓,"版扁档 救剧矫 悼救备 何覆肺 146, 5~6F"
233,乞拳侩荤锰汗瘤傍厘,2018斥,2018-04-24,2024-04-24,2028-04-23,傈仿瘤盔眉拌楷备,何魂堡开矫 悼贰备 矫角肺 167锅辨 69 疙厘悼
234,"傣魂耻内绢胶⑦ (备,耻内绢胶⑦)",2018斥,2018-04-24,2024-04-24,2028-04-23,蜡档藕距,措傈堡开矫 蜡己备 抛农畴2肺 66-6
235,泅措颇况矫胶袍⑦,2018斥,2018-04-27,2024-04-27,2028-04-26,瘤戎沥蔓,版扁档 堡林矫 帮瘤鞠谰 堡咯肺 115-1
237,⑦某胶,2018斥,2018-05-02,2024-05-02,2028-05-01,亲傍,面巢 酒魂矫 敌器搁 酒魂闺府巢肺 144 
239,⑦糯喉胶,2018斥,2018-06-22,2021-06-22,2025-06-21,傈仿瘤盔眉拌楷备,辑匡矫 碍辑备 惫雀措肺 7辨 63
240,GNT何魂狼侩锰,2018斥,2018-06-28,2024-06-28,2028-06-27,傈仿瘤盔眉拌楷备,何魂堡开矫 合备 傣玫肺 89-7
241,⑦必悼烹脚,2018斥,2018-09-20,2021-09-20,2025-09-19,瘤戎沥蔓,面巢 稠魂矫 何利搁 归老清肺 78-43
242,⑦己龋傈磊,2018斥,2018-12-06,2021-12-06,2025-12-05,扁悼拳仿,版惑巢档 芒盔矫 己魂备 肯鞠肺 153 版惑巢档 芒盔矫 狼芒备 荤拳肺 144 (肯鞠肺)
243,⑦版己骏萍,2018斥,2018-12-27,2021-12-27,2025-12-26,扁悼拳仿,版巢 窃救焙 磨合搁 合盔肺 272-64 版惑巢档 窃救焙 磨合搁 合盔肺 272-35 版惑巢档 窃救焙 磨合搁 合盔肺 272-52
245,⑦锐噶俊绢咆,2019斥,2019-04-08,2022-04-08,2026-04-07,瘤戎沥蔓,辑匡漂喊矫 辑檬备 荤烙寸肺 102-5(脚快呼爹 4~5摸)
246,⑦仟靛溃,2019斥,2019-04-19,2022-04-19,2026-04-18,傈仿瘤盔眉拌楷备,措备堡开矫 崔辑备 己辑辑肺 121
247,茄惫漂荐傈瘤⑦,2019斥,2019-04-19,2022-04-19,2026-04-18,瘤戎沥蔓,版巢 芒盔矫 己魂备 旷巢肺 780
248,⑦厚明肺伎,2019斥,2019-05-15,2022-05-15,2026-05-14,瘤戎沥蔓,面巢 寸柳矫 钦傣谰 牢歹胶颇农肺 70
249,⑦伙盔舅咆,2019斥,2019-05-29,2022-05-29,2026-05-28,蜡档藕距,牢玫堡开矫 巢悼备 没瓷措肺 410锅辨 112
250,瘤俊橇咆⑦,2019斥,2019-07-11,2022-07-11,2026-07-10,蜡档藕距,堡林堡开矫 合备 梅窜 亥贸肺 16锅辨 33版合 备固矫 魂龋措肺 142-81
251,扁剧陛加傍诀⑦,2019斥,2019-08-05,2022-08-22,2026-08-04,瘤戎沥蔓,版扁档 救魂矫 窜盔备 脚盔肺 79
252,⑦何蕊沥剐,2019斥,2019-11-15,2022-11-15,2026-11-14,扁悼拳仿,何魂堡开矫 碍辑备 苞切魂窜2肺 3锅辨 26
253,林侥雀荤 傈快,2019斥,2019-12-12,2023-03-29,2026-12-11,傈仿瘤盔眉拌楷备,措傈堡开矫 措傣备 脚老辑肺 68锅辨 31
254,何惫沥傍 林侥雀荤,2019斥,2019-12-12,2022-12-12,2026-12-11,扁悼拳仿,版巢 柳秦矫 柳肥搁 抛农畴骇府 1肺 58
255,⑦伙林扁诀,2020斥,2020-02-11,2023-02-21,2027-02-10,扁悼拳仿,"措备堡开矫 崔辑备 崔辑措肺 74辨 29(1傍厘), 25(2傍厘)"
256,⑦厚明肺剐咆,2020斥,2020-02-24,2023-02-24,2027-02-23,瘤戎沥蔓,面巢 玫救矫 悼巢备 浅技搁 浅技魂窜肺 58
257,急快沥剐⑦,2020斥,2020-03-02,2023-03-09,2027-03-01,蜡档藕距,面合 澜己焙 措家搁 郴魂辨 21-13
258,"林侥雀荤 绒季咆(备, 捞叼萍), (备, ⑦蜡聪钙胶臂肺国)",2020斥,2020-03-27,2023-03-27,2027-03-26,蜡档藕距,版惑合档 备固矫 魂龋措肺 142-12
260,⑦版老瘤骏揪,2020斥,2020-04-10,2023-04-10,2027-04-09,扁悼拳仿,版巢 剐剧矫 何合搁 冕拳丑傍窜瘤辨 12-30
261,"茄拳俊绢肺胶其捞胶⑦ 亲过荤诀何(备,⑦茄拳 芒盔傍厘)",2020斥,2020-06-22,2023-06-22,2027-06-21,瘤戎沥蔓,版惑巢档 芒盔矫 己魂备 傍窜肺 799
262,⑦滴盔,2020斥,2020-07-22,2023-07-22,2027-07-21,傈仿瘤盔眉拌楷备,版扁档 器玫矫 康合搁 龋惫肺 3504
263,⑦敲扼捞尿,2020斥,2020-08-03,2023-09-22,2027-08-02,傈仿瘤盔眉拌楷备,辑匡漂喊矫 己悼备 悼老肺 287 敲扼捞尿呼爹
264,⑦贾骏矫胶咆,2020斥,2020-09-03,2023-09-03,2027-09-02,扁悼拳仿,"版惑巢档 芒盔矫 己魂备 肯鞠肺 50, SK抛农畴颇农 抛农悼 911~2龋"
265,芒己扁诀,2020斥,2020-09-28,2023-09-28,2027-09-27,傈仿瘤盔眉拌楷备,版扁档 救己矫 老磷搁 傣泅辨 13-53
266,⑦浅魂FNS,2020斥,2020-10-08,2023-10-08,2027-10-07,蜡档藕距,面没巢档 稠魂矫 垫救措肺 893
271,茄己俊胶矩酒捞⑦ 措备瘤痢,2021斥,2021-03-26,2024-03-26,2028-03-25,瘤戎沥蔓,措备堡开矫 悼备 概咯肺1辨 42(惑概悼)
272,内府酒叼奇胶牢歹胶飘府(KDI),2021斥,2021-06-11,2024-06-11,2028-06-10,蜡档藕距,措傈堡开矫 蜡己备 寇伙肺 8锅辨 99(寇伙悼) 版惑合档 磨邦焙 籍利谰 厘邦辨 55(籍利谰)
274,⑦盔柳骏矩萍,2021斥,2021-06-11,2024-06-13,2028-06-10,扁悼拳仿,何魂堡开矫 碍辑备 固澜惫力4肺 23
275,(林)匙胶乏,2021斥,2021-07-20,2021-07-20,2025-07-19,瘤戎沥蔓,措傈堡开矫 蜡己备 抛农畴2肺 194 (侩魂悼)
276,⑦绒固叼绢,2021斥,2021-09-10,2021-09-10,2025-09-09,瘤戎沥蔓,版扁档 焙器矫 绊魂肺 148锅辨 17 B悼 2301龋
277,⑦姆橇府夯,2021斥,2021-11-17,2021-11-17,2025-11-16,傈仿瘤盔眉拌楷备,"版扁档 窍巢矫 窍巢措肺 947 A悼 10摸 1010龋, 1011龋"
278,酒捞萍荤捞攫胶⑦,2021斥,2021-12-10,2021-12-10,2025-12-09,扁悼拳仿,版惑巢档 芒盔矫 己魂备 芒盔措肺 1144锅辨 70
279,⑦扼矫夯,2021斥,2021-12-15,2021-12-15,2025-12-14,扁悼拳仿,版巢 芒盔矫 付魂钦器备 玫窍厘荤肺 91
280,快芒扁拌⑦,2021斥,2021-12-29,2021-12-29,2025-12-28,扁悼拳仿,版巢 芒盔矫 己魂备 傍窜肺 324-21
282,怕牢沥剐,2021斥,2021-12-29,2021-12-29,2025-12-28,扁悼拳仿,"芒盔矫 狼芒备 家拌肺 12, 芒盔抛农畴闺府 抛农悼 101龋"
283,伙堡傍诀荤,2022斥,2022-01-10,2022-01-10,2026-01-09,傈仿瘤盔眉拌楷备,版扁 侩牢矫 贸牢备 盔伙搁 竿府肺 127锅辨 28-14
285,客捞叼老泛飘肺葱胶⑦,2022斥,2022-06-10,2022-06-10,2026-06-09,扁悼拳仿,何魂堡开矫 陛沥备 俺谅肺 273-20 V1 Tower 604龋
286,茄康叼磊牢,2022斥,2022-07-04,2022-07-04,2026-07-03,傈仿瘤盔眉拌楷备,辑匡漂喊矫 堡柳备 悼老肺 449 3摸
287,林侥雀荤 措扒抛农,2022斥,2022-07-08,2022-07-08,2026-07-07,亲傍,版惑巢档 芒盔矫 狼芒备 荤拳肺 138 
288,林侥雀荤 蕊急,2022斥,2022-07-22,2022-07-22,2026-07-21,傈仿瘤盔眉拌楷备,版扁档 救魂矫 窜盔备 父秦肺 169锅辨 28 茄辨傈磊 1摸
289,⑦悼规仟靛付胶鸥,2022斥,2022-09-02,2022-09-02,2026-09-01,傈仿瘤盔眉拌楷备,面没合档 澜己焙 措家搁 措陛肺 105锅辨 70
291,悼捞乔骏揪⑦,2022斥,2022-11-29,2022-11-29,2026-11-28,扁悼拳仿,版巢 柳林矫 沥锰搁 魂窜吝居肺 30
292,⑦酒捞胶棋,2022斥,2022-12-29,2022-12-29,2026-12-28,瘤戎沥蔓,版惑巢档 芒盔矫 狼芒备 迫侩肺 371锅辨 8
293,⑦客捞瘤萍,2023斥,2023-04-17,2023-04-17,2027-04-16,扁悼拳仿,版惑巢档 芒盔矫 狼芒备 豪碍啊贱肺 477锅辨 99
294,⑦纳捞骏捞浚瘤,2023斥,2023-05-01,2023-05-02,2027-05-01,蜡档藕距,版惑合档 备固矫 梅窜扁诀7肺 98-40
295,"俊胶纳捞 坷记敲罚飘⑦(备, 伙碍骏矩萍)",2023斥,2023-05-02,2023-05-02,2027-05-01,窃沥,版惑巢档 绊己焙 悼秦搁 郴魂3辨 51
296,蜡能矫胶袍⑦,2023斥,2023-06-08,2023-06-08,2027-06-07,亲傍,措傈堡开矫 蜡己备 抛农畴2肺 40-9锅瘤 (包乞悼)
297,⑦怕老厚令,2023斥,2023-07-11,2023-07-11,2027-07-10,傈仿瘤盔眉拌楷备,何魂堡开矫 荤窍备 阑槛档措肺 651
298,芒柳ENG⑦,2023斥,2023-08-10,2023-08-10,2027-08-09,扁悼拳仿,版惑巢档 剧魂矫 籍拌魂窜3辨 59
299,(林)呕肺胶,2023斥,2023-11-03,2023-11-03,2027-11-02,瘤戎沥蔓,版扁档 救剧矫 悼救备 切狼肺 282 陛碍奇抛府框IT鸥况 A悼 1701~1708龋
300,骏力捞萍,2023斥,2023-11-14,2023-11-14,2027-11-13,瘤戎沥蔓,"牢玫堡开矫 辑备 芭合肺17 唱悼 610龋, 617龋 (牢玫抛农乔酒)"
301,快林魂诀敲罚飘⑦,2024斥,2024-03-27,2024-03-27,2028-03-26,亲傍,版惑巢档 芒盔矫 狼芒备 豪碍啊贱肺537锅辨 42 
302,乞拳沥剐,2024斥,2024-07-09,2024-07-09,2028-07-08,扁悼拳仿,何魂堡开矫 碍辑备 固澜魂窜3肺 120
303,柳剧抛农⑦,2024斥,2024-08-27,2024-08-27,2028-08-26,扁悼拳仿,版惑巢档 芒盔矫 狼芒备 林巢肺503锅辨 48 柳剧抛农⑦
304,缴匙飘,2024斥,2024-10-04,2024-10-04,2028-10-03,瘤戎沥蔓,措傈矫 蜡己备 磷悼肺 157
305,蜡宏复瘤,2024斥,2024-10-11,2024-10-11,2028-10-10,瘤戎沥蔓,辑匡漂喊矫 康殿器备 版牢肺 775 俊捞胶窍捞抛农矫萍 1悼 1704龋 辑匡漂喊矫 康殿器备 版牢肺 775 俊捞胶窍捞抛农矫萍 2悼 1001龋
306,⑦牢歹胶能,2024斥,2024-12-12,2024-12-12,2028-12-11,扁悼拳仿,版惑巢档 芒盔矫 狼芒备 馆拌肺 33 闺府粮 201龋
307,郡酒捞瘤沥剐扁贱⑦,2024斥,2024-12-12,2024-12-12,2028-12-11,瘤戎沥蔓,措傈堡开矫 蜡己备 磷悼肺 167版惑合档 备固矫 3傍窜3肺 78
308,⑦风飘力捞靛,2025斥,2025-02-25,2025-02-25,2029-02-24,蜡档藕距,面巢 稠魂矫 啊具邦搁 啊具傍窜辨 24-8 面巢 稠魂矫 啊具邦搁 啊具傍窜辨 24-7
309,⑦侩柳,2025斥,2025-04-09,2025-04-09,2029-04-08,瘤戎沥蔓,"版扁档 焙器矫 绊魂肺 166, 101悼 703龋,704龋(寸沥悼, SK亥萍框)"
310,⑦技堡捞矩瘤,2025斥,2025-04-09,2025-04-09,2029-04-08,扁悼拳仿,匡魂堡开矫 匡林焙 馆玫魂诀肺 108-65
311,府歹胶傈磊⑦,2025斥,2025-04-09,2025-04-09,2029-04-08,瘤戎沥蔓,牢玫堡开矫 巢悼备 瓷倾措肺559锅辨 17
